{"cameraMode":{"drawMode":0,"name":"Shaded","section":"Shading Mode"},"sceneLighting":true,"audioPlay":false,"sceneViewState":{"showFog":true,"showMaterialUpdate":false,"showSkybox":true,"showFlares":true,"showImageEffects":true,"showParticleSystems":true},"in2DMode":false,"pivot":{"x":68.03948211669922,"y":20.51070785522461,"z":-23.87206268310547},"rotation":{"x":0.019249605014920236,"y":-0.9807475209236145,"z":0.1395190805196762,"w":0.13531652092933656},"size":23.528301239013673,"orthographic":false}