{"cameraMode":{"drawMode":2,"name":"Shaded Wireframe","section":"Shading Mode"},"sceneLighting":true,"audioPlay":false,"sceneViewState":{"showFog":true,"showMaterialUpdate":true,"showSkybox":true,"showFlares":true,"showImageEffects":true,"showParticleSystems":true},"in2DMode":false,"pivot":{"x":5.296443939208984,"y":-13.61345100402832,"z":-12.53026008605957},"rotation":{"x":-0.14984050393104554,"y":-0.6760149002075195,"z":0.14324630796909333,"w":-0.7071340084075928},"size":26.853763580322267,"orthographic":false}