{"cameraMode":{"drawMode":2,"name":"Shaded Wireframe","section":"Shading Mode"},"sceneLighting":true,"audioPlay":false,"sceneViewState":{"showFog":true,"showMaterialUpdate":true,"showSkybox":true,"showFlares":true,"showImageEffects":true,"showParticleSystems":true},"in2DMode":false,"pivot":{"x":117.0999984741211,"y":6.019999980926514,"z":187.10000610351563},"rotation":{"x":0.15077592432498933,"y":0.23952271044254304,"z":-0.03762015700340271,"w":0.9585729837417603},"size":4.124811172485352,"orthographic":true}