{"cameraMode":{"drawMode":2,"name":"Shaded Wireframe","section":"Shading Mode"},"sceneLighting":true,"audioPlay":false,"sceneViewState":{"showFog":true,"showMaterialUpdate":true,"showSkybox":true,"showFlares":true,"showImageEffects":true,"showParticleSystems":true},"in2DMode":false,"pivot":{"x":0.09307003021240235,"y":0.3199999928474426,"z":-18.450000762939454},"rotation":{"x":0.0024004681035876276,"y":-0.9976014494895935,"z":0.052423145622015,"w":0.045829787850379947},"size":12.255322456359864,"orthographic":true}