{"cameraMode":{"drawMode":2,"name":"Shaded Wireframe","section":"Shading Mode"},"sceneLighting":true,"audioPlay":false,"sceneViewState":{"showFog":true,"showMaterialUpdate":true,"showSkybox":true,"showFlares":true,"showImageEffects":true,"showParticleSystems":true},"in2DMode":false,"pivot":{"x":136.44630432128907,"y":22.667884826660158,"z":152.50830078125},"rotation":{"x":-0.00298921181820333,"y":-0.9911268949508667,"z":0.022610900923609735,"w":-0.1309821456670761},"size":45.31357192993164,"orthographic":false}