{"cameraMode":{"drawMode":2,"name":"Shaded Wireframe","section":"Shading Mode"},"sceneLighting":true,"audioPlay":false,"sceneViewState":{"showFog":true,"showMaterialUpdate":true,"showSkybox":true,"showFlares":true,"showImageEffects":true,"showParticleSystems":true},"in2DMode":false,"pivot":{"x":105.3499984741211,"y":4.320000171661377,"z":200.1699981689453},"rotation":{"x":-0.012857107445597649,"y":-0.9841062426567078,"z":0.07988635450601578,"w":-0.15840962529182435},"size":9.570415496826172,"orthographic":true}