{"cameraMode":{"drawMode":2,"name":"Shaded Wireframe","section":"Shading Mode"},"sceneLighting":true,"audioPlay":false,"sceneViewState":{"showFog":true,"showMaterialUpdate":true,"showSkybox":true,"showFlares":true,"showImageEffects":true,"showParticleSystems":true},"in2DMode":false,"pivot":{"x":-31.92999267578125,"y":4.400001525878906,"z":-33.2400016784668},"rotation":{"x":0.01949463225901127,"y":0.0318460613489151,"z":-0.0005770729039795697,"w":0.9994931221008301},"size":3.681230068206787,"orthographic":true}