{"cameraMode":{"drawMode":2,"name":"Shaded Wireframe","section":"Shading Mode"},"sceneLighting":true,"audioPlay":false,"sceneViewState":{"showFog":true,"showMaterialUpdate":true,"showSkybox":true,"showFlares":true,"showImageEffects":true,"showParticleSystems":true},"in2DMode":false,"pivot":{"x":107.24882507324219,"y":9.290940284729004,"z":198.28712463378907},"rotation":{"x":0.00373076181858778,"y":-0.9925945997238159,"z":0.031584732234478,"w":0.11727691441774368},"size":7.446677207946777,"orthographic":false}