{"cameraMode":{"drawMode":2,"name":"Shaded Wireframe","section":"Shading Mode"},"sceneLighting":true,"audioPlay":false,"sceneViewState":{"showFog":true,"showMaterialUpdate":true,"showSkybox":true,"showFlares":true,"showImageEffects":true,"showParticleSystems":true},"in2DMode":false,"pivot":{"x":66.13809204101563,"y":24.471031188964845,"z":142.21566772460938},"rotation":{"x":-0.00025645660934969783,"y":-0.9997251629829407,"z":0.019806642085313798,"w":-0.012890526093542576},"size":150.3977813720703,"orthographic":false}