{"cameraMode":{"drawMode":2,"name":"Shaded Wireframe","section":"Shading Mode"},"sceneLighting":true,"audioPlay":false,"sceneViewState":{"showFog":true,"showMaterialUpdate":true,"showSkybox":true,"showFlares":true,"showImageEffects":true,"showParticleSystems":true},"in2DMode":false,"pivot":{"x":2.041015625,"y":12.475830078125,"z":-21.47265625},"rotation":{"x":-0.011367899365723133,"y":-0.9750053882598877,"z":0.051230695098638538,"w":-0.21608829498291017},"size":13.747347831726075,"orthographic":true}